INSERT INTO OWNER(ID, CITIZEN_SERVICE_NUMBER, COUNTRY, CITY, STREET, HOUSE_NUMBER, ZIP_CODE, FIRST_NAME, LAST_NAME) VALUES (1, 'citizenNumber1', 'Netherlands', 'Eindhoven', 'EindhovenseStraat ', '1', '5462HL', 'jim', 'vercoelen');
INSERT INTO OWNER(ID, CITIZEN_SERVICE_NUMBER, COUNTRY, CITY, STREET, HOUSE_NUMBER, ZIP_CODE, FIRST_NAME, LAST_NAME) VALUES (2, 'citizenNumber2', 'Netherlands', 'veghel', 'Skiefelaar', '3', '522HK', 'bas', 'van zutphen');
INSERT INTO OWNER(ID, CITIZEN_SERVICE_NUMBER, COUNTRY, CITY, STREET, HOUSE_NUMBER, ZIP_CODE, FIRST_NAME, LAST_NAME) VALUES (3, 'citizenNumber3', 'Netherlands', 'Helmond', 'Holmondstraat', '52', '5432KL', 'sven', 'nottelman');
INSERT INTO OWNER(ID, CITIZEN_SERVICE_NUMBER, COUNTRY, CITY, STREET, HOUSE_NUMBER, ZIP_CODE, FIRST_NAME, LAST_NAME) VALUES (4, 'citizenNumber4', 'Netherlands', 'Uden', 'bomenweg', '35', '5461HL', 'daphne', 'van der veeke');
INSERT INTO OWNER(ID, CITIZEN_SERVICE_NUMBER, COUNTRY, CITY, STREET, HOUSE_NUMBER, ZIP_CODE, FIRST_NAME, LAST_NAME) VALUES (5, 'citizenNumber5', 'Netherlands', 'Horst', 'donkert', '57', '5466SL', 'martijn', 'daams');
INSERT INTO OWNER(ID, CITIZEN_SERVICE_NUMBER, COUNTRY, CITY, STREET, HOUSE_NUMBER, ZIP_CODE, FIRST_NAME, LAST_NAME) VALUES (6, 'citizenNumber6', 'Netherlands', 'Maastricht', 'michielderuyterstraat', '93', '5412HL', 'hendrik', 'peters');
INSERT INTO OWNER(ID, CITIZEN_SERVICE_NUMBER, COUNTRY, CITY, STREET, HOUSE_NUMBER, ZIP_CODE, FIRST_NAME, LAST_NAME) VALUES (7, 'citizenNumber7', 'Netherlands', 'Amsterdam', 'plein', '12', '5662HL', 'bertrand', 'aalsters');
INSERT INTO OWNER(ID, CITIZEN_SERVICE_NUMBER, COUNTRY, CITY, STREET, HOUSE_NUMBER, ZIP_CODE, FIRST_NAME, LAST_NAME) VALUES (8, 'citizenNumber8', 'Netherlands', 'Den Bosch', 'vondelstraat', '43', '5422HV', 'piet', 'janssen');
INSERT INTO OWNER(ID, CITIZEN_SERVICE_NUMBER, COUNTRY, CITY, STREET, HOUSE_NUMBER, ZIP_CODE, FIRST_NAME, LAST_NAME) VALUES (9, 'citizenNumber9', 'Netherlands', 'Mariaheide', 'oliemolen', '89', '8735HL', 'gertrude', 'appeltjesdonk');
INSERT INTO OWNER(ID, CITIZEN_SERVICE_NUMBER, COUNTRY, CITY, STREET, HOUSE_NUMBER, ZIP_CODE, FIRST_NAME, LAST_NAME) VALUES (10, 'citizenNumber10', 'Netherlands', 'Tilburg', 'hoogstraat', '120', '3252VW', 'ide', 'adema');
INSERT INTO OWNER(ID, CITIZEN_SERVICE_NUMBER, COUNTRY, CITY, STREET, HOUSE_NUMBER, ZIP_CODE, FIRST_NAME, LAST_NAME) VALUES (11, 'citizenNumber11', 'Netherlands', 'Roosendaal', 'hertog janstraat', '22', '5421KK', 'leonel', 'trots');
INSERT INTO OWNER(ID, CITIZEN_SERVICE_NUMBER, COUNTRY, CITY, STREET, HOUSE_NUMBER, ZIP_CODE, FIRST_NAME, LAST_NAME) VALUES (12, 'citizenNumber12', 'Netherlands', 'Beekendonk', 'corridor', '34', '2352VV', 'kees', 'de kort');
INSERT INTO OWNER(ID, CITIZEN_SERVICE_NUMBER, COUNTRY, CITY, STREET, HOUSE_NUMBER, ZIP_CODE, FIRST_NAME, LAST_NAME) VALUES (13, 'citizenNumber13', 'Netherlands', 'Nijmegen', 'oppeheimerstraat', '78', '5469HL', 'jantje', 'jartes');
INSERT INTO OWNER(ID, CITIZEN_SERVICE_NUMBER, COUNTRY, CITY, STREET, HOUSE_NUMBER, ZIP_CODE, FIRST_NAME, LAST_NAME) VALUES (14, 'citizenNumber14', 'Netherlands', 'Zwolle', 'eikenlaan', '112', '5463HO', 'jeroen', 'bungers');
INSERT INTO OWNER(ID, CITIZEN_SERVICE_NUMBER, COUNTRY, CITY, STREET, HOUSE_NUMBER, ZIP_CODE, FIRST_NAME, LAST_NAME) VALUES (15, 'citizenNumber15', 'Netherlands', 'Utrecht', 'frisselstraat', '87', '3192VW', 'demi', 'aalders');
INSERT INTO OWNER(ID, CITIZEN_SERVICE_NUMBER, COUNTRY, CITY, STREET, HOUSE_NUMBER, ZIP_CODE, FIRST_NAME, LAST_NAME) VALUES (16, 'citizenNumber16', 'Netherlands', 'Rotterdam', 'gucci laan', '43', '5464OP', 'demian', 'melskens');
INSERT INTO OWNER(ID, CITIZEN_SERVICE_NUMBER, COUNTRY, CITY, STREET, HOUSE_NUMBER, ZIP_CODE, FIRST_NAME, LAST_NAME) VALUES (17, 'citizenNumber17', 'Netherlands', 'Middelburg', 'vijverweg', '62', '5432GG', 'kevin', 'vossert');
INSERT INTO OWNER(ID, CITIZEN_SERVICE_NUMBER, COUNTRY, CITY, STREET, HOUSE_NUMBER, ZIP_CODE, FIRST_NAME, LAST_NAME) VALUES (18, 'citizenNumber18', 'Netherlands', 'Vlissingen', 'meidoornstraat', '46', '1241WE', 'kim', 'kunters');
INSERT INTO OWNER(ID, CITIZEN_SERVICE_NUMBER, COUNTRY, CITY, STREET, HOUSE_NUMBER, ZIP_CODE, FIRST_NAME, LAST_NAME) VALUES (19, 'citizenNumber19', 'Netherlands', 'Erp', 'mirtelaar', '79', '4323VV', 'axel', 'damat');
INSERT INTO OWNER(ID, CITIZEN_SERVICE_NUMBER, COUNTRY, CITY, STREET, HOUSE_NUMBER, ZIP_CODE, FIRST_NAME, LAST_NAME) VALUES (20, 'citizenNumber20', 'Netherlands', 'Keldonk', 'molenbeemden', '325', '3293KL', 'maarten', 'vd heuvel');

INSERT INTO ACCOUNT (ID, OWNER_ID, USERNAME, PASSWORD) VALUES (1, 1, 'jim', 'password');

INSERT INTO VEHICLE (ID, BRAND, MODEL, BUILD_YEAR, COLOR, LICENSE_PLATE, CAR_TRACKER, RATE_CATEGORY) VALUES (1, 'Fiat', 'Panda', 1995, 'Blue', 'LicensePlate1', '0b4a24f9-53eb-421a-a132-e7abb57dbed4', 'GASOLINE');
INSERT INTO VEHICLE (ID, BRAND, MODEL, BUILD_YEAR, COLOR, LICENSE_PLATE, CAR_TRACKER, RATE_CATEGORY) VALUES (2, 'Mercedes', 'S400', 2000, 'Red', 'LicensePlate2', '01a8b929-2220-40b3-b509-de53800c577a', 'GASOLINE');
INSERT INTO VEHICLE (ID, BRAND, MODEL, BUILD_YEAR, COLOR, LICENSE_PLATE, CAR_TRACKER, RATE_CATEGORY) VALUES (3, 'BMW', 'i3', 2001, 'Orange', 'LicensePlate3', '3ccf5645-8c41-4a1b-93b4-8918c41a08c4', 'DIESEL');
INSERT INTO VEHICLE (ID, BRAND, MODEL, BUILD_YEAR, COLOR, LICENSE_PLATE, CAR_TRACKER, RATE_CATEGORY) VALUES (4, 'BMW', 'i5', 2004, 'Silver', 'LicensePlate4', '8ec21e69-809b-43fc-9a3c-6dedbd78b4e4', 'GASOLINE');
INSERT INTO VEHICLE (ID, BRAND, MODEL, BUILD_YEAR, COLOR, LICENSE_PLATE, CAR_TRACKER, RATE_CATEGORY) VALUES (5, 'Mercedes', 'bestelbus', 2006, 'White', 'LicensePlate5', '5c42eb18-9be6-4615-8f14-08cdcdce0a9c', 'DIESEL');
INSERT INTO VEHICLE (ID, BRAND, MODEL, BUILD_YEAR, COLOR, LICENSE_PLATE, CAR_TRACKER, RATE_CATEGORY) VALUES (6, 'Hyundai', 'Tuscon', 2000, 'Black', 'LicensePlate6', 'ea20eaaf-0d13-4d52-8a74-853cf9a532ea', 'GASOLINE');
INSERT INTO VEHICLE (ID, BRAND, MODEL, BUILD_YEAR, COLOR, LICENSE_PLATE, CAR_TRACKER, RATE_CATEGORY) VALUES (7, 'Ford', 'focus', 2010, 'Blue', 'LicensePlate7', 'df701599-708c-4895-8bee-26c58d8f63ae', 'ELECTRICAL');
INSERT INTO VEHICLE (ID, BRAND, MODEL, BUILD_YEAR, COLOR, LICENSE_PLATE, CAR_TRACKER, RATE_CATEGORY) VALUES (8, 'Ford', 'fiesta', 2011, 'Black', 'LicensePlate8', 'df067e9c-d9c7-43c8-b612-a148bb5d915b', 'GASOLINE');
INSERT INTO VEHICLE (ID, BRAND, MODEL, BUILD_YEAR, COLOR, LICENSE_PLATE, CAR_TRACKER, RATE_CATEGORY) VALUES (9, 'Toyota', 'Corolla', 1999, 'Silver', 'LicensePlate9', '2152fe5e-9768-42d6-84e7-83c141506c45', 'DIESEL');
INSERT INTO VEHICLE (ID, BRAND, MODEL, BUILD_YEAR, COLOR, LICENSE_PLATE, CAR_TRACKER, RATE_CATEGORY) VALUES (10, 'Volvo', 'V40', 2003, 'Orange', 'LicensePlate10', 'b87fb043-88e1-45bf-977a-59771be95ec6', 'GASOLINE');
INSERT INTO VEHICLE (ID, BRAND, MODEL, BUILD_YEAR, COLOR, LICENSE_PLATE, CAR_TRACKER, RATE_CATEGORY) VALUES (11, 'BMW', 'dikke', 2002, 'Blue', 'LicensePlate11', '925674ae-bf55-4723-a1f2-1f3a1966581c', 'GASOLINE');
INSERT INTO VEHICLE (ID, BRAND, MODEL, BUILD_YEAR, COLOR, LICENSE_PLATE, CAR_TRACKER, RATE_CATEGORY) VALUES (12, 'Volvo', 'V70', 2001, 'Blue', 'LicensePlate12', '60a715cb-18a0-416c-a7e5-7b6704e5225a', 'DIESEL');
INSERT INTO VEHICLE (ID, BRAND, MODEL, BUILD_YEAR, COLOR, LICENSE_PLATE, CAR_TRACKER, RATE_CATEGORY) VALUES (13, 'Honda', 'Civic', 1998, 'Black', 'LicensePlate13', '2ef979f7-fe45-4dfb-a917-fd6fd6d4ff93', 'GASOLINE');
INSERT INTO VEHICLE (ID, BRAND, MODEL, BUILD_YEAR, COLOR, LICENSE_PLATE, CAR_TRACKER, RATE_CATEGORY) VALUES (14, 'Mercedes', 'a series', 2004, 'White', 'LicensePlate14', '724c2d67-7b14-45d6-80d3-e08fefe66f56', 'DIESEL');
INSERT INTO VEHICLE (ID, BRAND, MODEL, BUILD_YEAR, COLOR, LICENSE_PLATE, CAR_TRACKER, RATE_CATEGORY) VALUES (15, 'Honda', 'CR-V', 2005, 'Silver', 'LicensePlate15', '19f5d88e-bc61-427a-9c9b-3b4469baa14d', 'GASOLINE');
INSERT INTO VEHICLE (ID, BRAND, MODEL, BUILD_YEAR, COLOR, LICENSE_PLATE, CAR_TRACKER, RATE_CATEGORY) VALUES (16, 'Lexus', 'RX 450h', 2006, 'Silver', 'LicensePlate16', 'e98bb653-b62b-4ebd-b4e2-f059cd12fe01', 'DIESEL');
INSERT INTO VEHICLE (ID, BRAND, MODEL, BUILD_YEAR, COLOR, LICENSE_PLATE, CAR_TRACKER, RATE_CATEGORY) VALUES (17, 'Jaguar', 'F-Pace', 2007, 'White', 'LicensePlate17', 'a50a95b9-aaa0-4c1a-898f-2141d5c0ce09', 'GASOLINE');
INSERT INTO VEHICLE (ID, BRAND, MODEL, BUILD_YEAR, COLOR, LICENSE_PLATE, CAR_TRACKER, RATE_CATEGORY) VALUES (18, 'BMW', '8 serie', 2008, 'Black', 'LicensePlate18', 'f1ac60d3-3166-402b-b7f9-cd9ce98ca4ee', 'ELECTRICAL');
INSERT INTO VEHICLE (ID, BRAND, MODEL, BUILD_YEAR, COLOR, LICENSE_PLATE, CAR_TRACKER, RATE_CATEGORY) VALUES (19, 'Volvo', 'XC90', 2009, 'Blue', 'LicensePlate19', '3cf8b545-f802-479c-a896-a859a35d8e7d', 'GASOLINE');
INSERT INTO VEHICLE (ID, BRAND, MODEL, BUILD_YEAR, COLOR, LICENSE_PLATE, CAR_TRACKER, RATE_CATEGORY) VALUES (20, 'Fiat', '500L', 2000, 'Blue', 'LicensePlate20', 'f8286b62-963e-462d-b704-987153289ce9', 'GASOLINE');

INSERT INTO VEHICLE_HISTORY (ID, OWNER_ID, VEHICLE_ID, FROM_DATE, TILL_DATE) VALUES (1, 1, 1, '15/01/2018', NULL);
INSERT INTO VEHICLE_HISTORY (ID, OWNER_ID, VEHICLE_ID, FROM_DATE, TILL_DATE) VALUES (2, 2, 2, '15/01/2018', NULL);
INSERT INTO VEHICLE_HISTORY (ID, OWNER_ID, VEHICLE_ID, FROM_DATE, TILL_DATE) VALUES (3, 3, 3, '15/01/2018', NULL);
INSERT INTO VEHICLE_HISTORY (ID, OWNER_ID, VEHICLE_ID, FROM_DATE, TILL_DATE) VALUES (4, 4, 4, '15/01/2018', NULL);
INSERT INTO VEHICLE_HISTORY (ID, OWNER_ID, VEHICLE_ID, FROM_DATE, TILL_DATE) VALUES (5, 5, 5, '15/01/2018', NULL);
INSERT INTO VEHICLE_HISTORY (ID, OWNER_ID, VEHICLE_ID, FROM_DATE, TILL_DATE) VALUES (6, 6, 6, '15/01/2018', NULL);
INSERT INTO VEHICLE_HISTORY (ID, OWNER_ID, VEHICLE_ID, FROM_DATE, TILL_DATE) VALUES (7, 7, 7, '15/01/2018', NULL);
INSERT INTO VEHICLE_HISTORY (ID, OWNER_ID, VEHICLE_ID, FROM_DATE, TILL_DATE) VALUES (8, 8, 8, '15/01/2018', NULL);
INSERT INTO VEHICLE_HISTORY (ID, OWNER_ID, VEHICLE_ID, FROM_DATE, TILL_DATE) VALUES (9, 9, 9, '15/01/2018', NULL);
INSERT INTO VEHICLE_HISTORY (ID, OWNER_ID, VEHICLE_ID, FROM_DATE, TILL_DATE) VALUES (10, 10, 10, '15/01/2018', NULL);
INSERT INTO VEHICLE_HISTORY (ID, OWNER_ID, VEHICLE_ID, FROM_DATE, TILL_DATE) VALUES (11, 11, 11, '15/01/2018', NULL);
INSERT INTO VEHICLE_HISTORY (ID, OWNER_ID, VEHICLE_ID, FROM_DATE, TILL_DATE) VALUES (12, 12, 12, '15/01/2018', NULL);
INSERT INTO VEHICLE_HISTORY (ID, OWNER_ID, VEHICLE_ID, FROM_DATE, TILL_DATE) VALUES (13, 13, 13, '15/01/2018', NULL);
INSERT INTO VEHICLE_HISTORY (ID, OWNER_ID, VEHICLE_ID, FROM_DATE, TILL_DATE) VALUES (14, 14, 14, '15/01/2018', NULL);
INSERT INTO VEHICLE_HISTORY (ID, OWNER_ID, VEHICLE_ID, FROM_DATE, TILL_DATE) VALUES (15, 15, 15, '15/01/2018', NULL);
INSERT INTO VEHICLE_HISTORY (ID, OWNER_ID, VEHICLE_ID, FROM_DATE, TILL_DATE) VALUES (16, 16, 16, '15/01/2018', NULL);
INSERT INTO VEHICLE_HISTORY (ID, OWNER_ID, VEHICLE_ID, FROM_DATE, TILL_DATE) VALUES (17, 17, 17, '15/01/2018', NULL);
INSERT INTO VEHICLE_HISTORY (ID, OWNER_ID, VEHICLE_ID, FROM_DATE, TILL_DATE) VALUES (18, 18, 18, '15/01/2018', NULL);
INSERT INTO VEHICLE_HISTORY (ID, OWNER_ID, VEHICLE_ID, FROM_DATE, TILL_DATE) VALUES (19, 19, 19, '15/01/2018', NULL);
INSERT INTO VEHICLE_HISTORY (ID, OWNER_ID, VEHICLE_ID, FROM_DATE, TILL_DATE) VALUES (20, 20, 20, '15/01/2018', NULL);

INSERT INTO VEHICLE_HISTORY (ID, OWNER_ID, VEHICLE_ID, FROM_DATE, TILL_DATE) VALUES (21, 1, 2, '01/06/2016', '01/06/2017');
INSERT INTO VEHICLE_HISTORY (ID, OWNER_ID, VEHICLE_ID, FROM_DATE, TILL_DATE) VALUES (22, 1, 3, '01/06/2016', '01/06/2017');
INSERT INTO VEHICLE_HISTORY (ID, OWNER_ID, VEHICLE_ID, FROM_DATE, TILL_DATE) VALUES (23, 1, 4, '01/06/2016', '01/06/2017');
INSERT INTO VEHICLE_HISTORY (ID, OWNER_ID, VEHICLE_ID, FROM_DATE, TILL_DATE) VALUES (24, 1, 5, '01/06/2016', '01/06/2017');
INSERT INTO VEHICLE_HISTORY (ID, OWNER_ID, VEHICLE_ID, FROM_DATE, TILL_DATE) VALUES (25, 1, 6, '01/06/2016', '01/06/2017');
INSERT INTO VEHICLE_HISTORY (ID, OWNER_ID, VEHICLE_ID, FROM_DATE, TILL_DATE) VALUES (26, 1, 7, '01/06/2016', '01/06/2017');

-- INSERT INTO VEHICLE_HISTORY (ID, OWNER_ID, VEHICLE_ID, FROM_DATE, TILL_DATE) VALUES (2, 1, 2, '01/06/2017', NULL);
-- INSERT INTO VEHICLE_HISTORY (ID, OWNER_ID, VEHICLE_ID, FROM_DATE, TILL_DATE) VALUES (3, 1, 3, '01/01/1999', '31/12/2016');
-- INSERT INTO VEHICLE_HISTORY (ID, OWNER_ID, VEHICLE_ID, FROM_DATE, TILL_DATE) VALUES (4, 2, 4, '15/01/2018', NULL);
-- INSERT INTO VEHICLE_HISTORY (ID, OWNER_ID, VEHICLE_ID, FROM_DATE, TILL_DATE) VALUES (5, 2, 5, '01/06/2017', NULL);
-- INSERT INTO VEHICLE_HISTORY (ID, OWNER_ID, VEHICLE_ID, FROM_DATE, TILL_DATE) VALUES (6, 2, 6, '01/01/1999', '31/12/2016');

-- INSERT INTO VEHICLE (ID, BRAND, MODEL, BUILD_YEAR, COLOR, LICENSE_PLATE, CAR_TRACKER) VALUES (1, 'Opel', 'Corsa', 1993, 'RED', '01-GO-RL', 'carTracker1');
-- INSERT INTO VEHICLE (ID, BRAND, MODEL, BUILD_YEAR, COLOR, LICENSE_PLATE, CAR_TRACKER) VALUES (2, 'Opel', 'Astra', 2004, 'BLUE', 'CD-54-15', 'carTracker2');
-- INSERT INTO VEHICLE (ID, BRAND, MODEL, BUILD_YEAR, COLOR, LICENSE_PLATE, CAR_TRACKER) VALUES (3, 'Renault', 'Clio', 1986, 'GRAY', '31-CD-06', 'carTracker3');
-- INSERT INTO VEHICLE (ID, BRAND, MODEL, BUILD_YEAR, COLOR, LICENSE_PLATE, CAR_TRACKER) VALUES (4, 'Volkswagen', 'Golf', 2011, 'BLACK', '49-LF-lF', 'carTracker4');
-- INSERT INTO VEHICLE (ID, BRAND, MODEL, BUILD_YEAR, COLOR, LICENSE_PLATE, CAR_TRACKER) VALUES (5, 'Fiat', 'Punto', 1999, 'WHITE', '73-RZ-XX', 'carTracker5');
-- INSERT INTO VEHICLE (ID, BRAND, MODEL, BUILD_YEAR, COLOR, LICENSE_PLATE, CAR_TRACKER) VALUES (6, 'Volvo', 'V70', 1999, 'DARK BLUE', '69-GHG-2', 'carTracker6');
-- INSERT INTO VEHICLE (ID, BRAND, MODEL, BUILD_YEAR, COLOR, LICENSE_PLATE, CAR_TRACKER) VALUES (7, 'Hunday', 'I70', 2004, 'SILVER', 'GF-430-X', 'carTracker7');
--
-- INSERT INTO VEHICLE_HISTORY (ID, OWNER_ID, VEHICLE_ID, FROM_DATE, TILL_DATE) VALUES (1, 1, 1, '15/01/2018', NULL);
-- INSERT INTO VEHICLE_HISTORY (ID, OWNER_ID, VEHICLE_ID, FROM_DATE, TILL_DATE) VALUES (2, 1, 2, '01/06/2017', NULL);
-- INSERT INTO VEHICLE_HISTORY (ID, OWNER_ID, VEHICLE_ID, FROM_DATE, TILL_DATE) VALUES (3, 1, 3, '01/01/1999', '31/12/2016');
-- INSERT INTO VEHICLE_HISTORY (ID, OWNER_ID, VEHICLE_ID, FROM_DATE, TILL_DATE) VALUES (4, 2, 4, '15/01/2018', NULL);
-- INSERT INTO VEHICLE_HISTORY (ID, OWNER_ID, VEHICLE_ID, FROM_DATE, TILL_DATE) VALUES (5, 2, 5, '01/06/2017', NULL);
-- INSERT INTO VEHICLE_HISTORY (ID, OWNER_ID, VEHICLE_ID, FROM_DATE, TILL_DATE) VALUES (6, 2, 6, '01/01/1999', '31/12/2016');
